Jaccard threshold,CDF Value
0.2,0.9810821643286574
0.4,0.9910380761523047
0.6,0.9961923847695391
0.8,0.9964008016032064
1.0,1.0
