Jaccard threshold,CDF Value
0.2,0.9682324649298597
0.4,0.997314629258517
0.6,0.9996312625250501
0.8,0.9999759519038076
1.0,1.0
