Jaccard threshold,CDF Value
0.2,0.9779719438877755
0.4,0.9883206412825651
0.6,0.9935470941883767
0.8,0.993691382765531
1.0,1.0
