Jaccard threshold,CDF Value
0.2,0.9884889779559118
0.4,0.9885050100200401
0.6,0.9893226452905811
0.8,0.9893226452905811
1.0,1.0
