Jaccard threshold,CDF Value
0.2,0.9883527054108217
0.4,0.9901482965931864
0.6,0.9930020040080161
0.8,0.9930420841683367
1.0,1.0
