Jaccard threshold,CDF Value
0.2,0.996496993987976
0.4,0.996745490981964
0.6,0.9974749498997996
0.8,0.9974749498997996
1.0,1.0
