Jaccard threshold,CDF Value
0.2,0.9900841683366733
0.4,0.9905811623246493
0.6,0.9909899799599199
0.8,0.9909899799599199
1.0,1.0
