Jaccard threshold,CDF Value
0.2,0.993875751503006
0.4,0.9941082164328657
0.6,0.9949258517034069
0.8,0.9949258517034069
1.0,1.0
