Jaccard threshold,CDF Value
0.2,0.9733787575150301
0.4,0.9917354709418837
0.6,0.9970901803607214
0.8,0.9976593186372745
1.0,1.0
