Jaccard threshold,CDF Value
0.2,0.9844168336673347
0.4,0.9878236472945892
0.6,0.9902044088176353
0.8,0.9902444889779559
1.0,1.0
