Jaccard threshold,CDF Value
0.2,0.8943486973947896
0.4,0.9753667334669339
0.6,0.9942925851703407
0.8,0.9989819639278558
1.0,1.0
