Jaccard threshold,CDF Value
0.2,0.9945490981963928
0.4,0.9945490981963928
0.6,0.9945490981963928
0.8,0.9945490981963928
1.0,1.0
