Jaccard threshold,CDF Value
0.2,0.9853226452905811
0.4,0.9954468937875751
0.6,0.9984208416833668
0.8,0.9992384769539078
1.0,1.0
