Jaccard threshold,CDF Value
0.2,0.16851302605210422
0.4,0.40135470941883766
0.6,0.7337314629258517
0.8,0.9690501002004008
1.0,1.0
