Jaccard threshold,CDF Value
0.2,0.4389819639278557
0.4,0.8361442885771543
0.6,0.9667334669338677
0.8,0.9978517034068136
1.0,1.0
