Jaccard threshold,CDF Value
0.2,0.17247294589178358
0.4,0.5446492985971944
0.6,0.8670861723446894
0.8,0.9892665330661322
1.0,1.0
