Jaccard threshold,CDF Value
0.2,0.42134669338677355
0.4,0.845306613226453
0.6,0.9861322645290581
0.8,0.9998476953907816
1.0,1.0
