Jaccard threshold,CDF Value
0.2,0.513875751503006
0.4,0.8488256513026052
0.6,0.9751422845691383
0.8,0.9986292585170341
1.0,1.0
