Jaccard threshold,CDF Value
0.2,0.1864929859719439
0.4,0.5857955911823647
0.6,0.9016432865731463
0.8,0.9964729458917836
1.0,1.0
