Jaccard threshold,CDF Value
0.2,0.8306292585170341
0.4,0.9372905811623247
0.6,0.9809138276553107
0.8,0.9956392785571142
1.0,1.0
