Jaccard threshold,CDF Value
0.2,0.8197194388777556
0.4,0.973691382765531
0.6,0.996625250501002
0.8,0.9998316633266533
1.0,1.0
