Jaccard threshold,CDF Value
0.2,0.10315030060120241
0.4,0.3789498997995992
0.6,0.6978597194388777
0.8,0.9222925851703406
1.0,1.0
