Jaccard threshold,CDF Value
0.2,0.4393186372745491
0.4,0.7615791583166333
0.6,0.9031983967935872
0.8,0.9768016032064128
1.0,1.0
