Jaccard threshold,CDF Value
0.2,0.028673346693386774
0.4,0.15054909819639278
0.6,0.35541482965931864
0.8,0.6799759519038077
1.0,1.0
