Jaccard threshold,CDF Value
0.2,0.38753507014028055
0.4,0.3935551102204409
0.6,0.46284569138276555
0.8,0.46301402805611225
1.0,1.0
