Jaccard threshold,CDF Value
0.2,0.4259639278557114
0.4,0.8364328657314629
0.6,0.9752865731462926
0.8,0.9981002004008016
1.0,1.0
