Jaccard threshold,CDF Value
0.2,0.7524889779559119
0.4,0.9315911823647295
0.6,0.9894749498997996
0.8,0.9995350701402805
1.0,1.0
