Jaccard threshold,CDF Value
0.2,0.7986212424849699
0.4,0.9676953907815631
0.6,0.9961763527054108
0.8,0.9996713426853707
1.0,1.0
