Jaccard threshold,CDF Value
0.2,0.918060120240481
0.4,0.9893627254509018
0.6,0.998501002004008
0.8,0.9994629258517034
1.0,1.0
