Jaccard threshold,CDF Value
0.2,0.9419078156312626
0.4,0.967751503006012
0.6,0.9863807615230461
0.8,0.9868857715430862
1.0,1.0
