Jaccard threshold,CDF Value
0.2,0.9458517034068137
0.4,0.9915911823647294
0.6,0.9985170340681363
0.8,0.9994468937875751
1.0,1.0
