Jaccard threshold,CDF Value
0.2,0.9859719438877755
0.4,0.9982605210420842
0.6,0.9995190380761523
0.8,0.9995911823647294
1.0,1.0
