Jaccard threshold,CDF Value
0.2,0.9496913827655311
0.4,0.9804008016032064
0.6,0.9915270541082164
0.8,0.9921442885771543
1.0,1.0
