Jaccard threshold,CDF Value
0.2,0.9808577154308618
0.4,0.9945731462925852
0.6,0.9981963927855712
0.8,0.9984609218436874
1.0,1.0
