Jaccard threshold,CDF Value
0.2,0.5894268537074149
0.4,0.8353667334669339
0.6,0.964376753507014
0.8,0.997691382765531
1.0,1.0
