Jaccard threshold,CDF Value
0.2,0.9109659318637274
0.4,0.9865731462925852
0.6,0.9982284569138277
0.8,0.9996392785571142
1.0,1.0
