Jaccard threshold,CDF Value
0.2,0.4576513026052104
0.4,0.7823967935871744
0.6,0.9307575150300601
0.8,0.9879679358717435
1.0,1.0
