Jaccard threshold,CDF Value
0.2,0.5322885771543087
0.4,0.5322885771543087
0.6,0.5322885771543087
0.8,0.5322885771543087
1.0,1.0
