Jaccard threshold,CDF Value
0.2,0.9354308617234469
0.4,0.9898917835671343
0.6,0.9976513026052104
0.8,0.9994949899799599
1.0,1.0
