Jaccard threshold,CDF Value
0.2,0.7465971943887776
0.4,0.9241362725450902
0.6,0.986749498997996
0.8,0.9993346693386773
1.0,1.0
