Jaccard threshold,CDF Value
0.2,0.7531382765531062
0.4,0.9622364729458918
0.6,0.9949258517034069
0.8,0.9997194388777555
1.0,1.0
