Jaccard threshold,CDF Value
0.2,0.9058677354709419
0.4,0.9884088176352706
0.6,0.9985250501002004
0.8,0.9995751503006012
1.0,1.0
