Jaccard threshold,CDF Value
0.2,0.938501002004008
0.4,0.9650741482965932
0.6,0.9825891783567134
0.8,0.9833426853707414
1.0,1.0
