Jaccard threshold,CDF Value
0.2,0.933314629258517
0.4,0.9904849699398798
0.6,0.9979078156312625
0.8,0.9993186372745491
1.0,1.0
