Jaccard threshold,CDF Value
0.2,0.9862364729458918
0.4,0.9981082164328657
0.6,0.9995430861723447
0.8,0.9996152304609218
1.0,1.0
