Jaccard threshold,CDF Value
0.2,0.9396713426853708
0.4,0.9768256513026052
0.6,0.9869819639278558
0.8,0.9876553106212425
1.0,1.0
