Jaccard threshold,CDF Value
0.2,0.9806092184368738
0.4,0.9953106212424849
0.6,0.9984208416833668
0.8,0.9987414829659319
1.0,1.0
