Jaccard threshold,CDF Value
0.2,0.5966412825651303
0.4,0.8350140280561122
0.6,0.9620601202404809
0.8,0.9972985971943887
1.0,1.0
