Jaccard threshold,CDF Value
0.2,0.9269098196392785
0.4,0.9929539078156313
0.6,0.9994468937875751
0.8,0.999935871743487
1.0,1.0
