Jaccard threshold,CDF Value
0.2,0.42366332665330664
0.4,0.7529458917835672
0.6,0.9238396793587175
0.8,0.988625250501002
1.0,1.0
