Jaccard threshold,CDF Value
0.2,0.5074629258517034
0.4,0.5074629258517034
0.6,0.5074629258517034
0.8,0.5074629258517034
1.0,1.0
