Jaccard threshold,CDF Value
0.2,0.9276472945891784
0.4,0.990749498997996
0.6,0.9987254509018036
0.8,0.9998236472945892
1.0,1.0
